id,first_name,last_name,email,gender
1,Prisca,Greiswood,pgreiswood0@bbc.co.uk,Female
2,Garrett,Causnett,gcausnett1@simplemachines.org,Male
3,Ervin,Allwright,eallwright2@businessinsider.com,Male
4,Thurston,Tather,ttather3@latimes.com,Male
5,Leonelle,Corday,lcorday4@ow.ly,Female
6,Letizia,Hinge,lhinge5@sourceforge.net,Female
7,Juliette,Windridge,jwindridge6@mayoclinic.com,Female
8,Marcellus,Van Merwe,mvanmerwe7@wikimedia.org,Male
9,Brianna,Williams,bwilliams8@mashable.com,Female
10,Dunn,Cunrado,dcunrado9@twitter.com,Male
11,Nelle,Burnie,nburniea@mysql.com,Female
12,Dan,Caesman,dcaesmanb@nsw.gov.au,Male
13,Katy,Furmonger,kfurmongerc@cdc.gov,Female
14,Puff,Kempston,pkempstond@wunderground.com,Male
15,Rhona,Pappi,rpappie@themeforest.net,Female
16,Kenyon,Skellern,kskellernf@zdnet.com,Male
17,Jobina,Bruineman,jbruinemang@narod.ru,Female
18,Barnie,Bantock,bbantockh@flickr.com,Male
19,Dyanna,Caffery,dcafferyi@smh.com.au,Female
20,Jolyn,Schach,jschachj@sciencedaily.com,Female
21,Nessie,Jacquemet,njacquemetk@chronoengine.com,Female
22,Andrew,Tetther,atettherl@nba.com,Male
23,Adamo,Loraine,alorainem@indiegogo.com,Male
24,Calvin,Tibbotts,ctibbottsn@foxnews.com,Male
25,Freddi,Skentelbury,fskentelburyo@youtu.be,Female
26,Karalynn,Lytton,klyttonp@narod.ru,Female
27,Gar,Perfili,gperfiliq@ezinearticles.com,Male
28,Colin,Wardrope,cwardroper@amazon.co.jp,Male
29,Ashlie,Bea,abeas@census.gov,Female
30,Seana,Nutter,snuttert@loc.gov,Female
31,Dido,Thirwell,dthirwellu@reddit.com,Female
32,George,Ingrey,gingreyv@psu.edu,Female
33,Adamo,Donnett,adonnettw@fotki.com,Male
34,Correna,Butte,cbuttex@hubpages.com,Female
35,Teirtza,Liversidge,tliversidgey@prlog.org,Female
36,Francine,Seccombe,fseccombez@mozilla.org,Female
37,Horten,Renoden,hrenoden10@amazon.co.uk,Male
38,Ruthie,Struys,rstruys11@privacy.gov.au,Female
39,Alejandra,Matas,amatas12@wikia.com,Female
40,Gerrilee,Exeter,gexeter13@soundcloud.com,Female
41,Niccolo,Grinyov,ngrinyov14@mac.com,Male
42,Stuart,Dunbar,sdunbar15@yahoo.co.jp,Male
43,Teddi,Fosh,tfosh16@feedburner.com,Female
44,Amery,Jodkowski,ajodkowski17@archive.org,Male
45,Ellis,Boddymead,eboddymead18@nih.gov,Male
46,Carolus,Happert,chappert19@jigsy.com,Male
47,Aymer,Niesel,aniesel1a@go.com,Male
48,Terence,Anstead,tanstead1b@google.fr,Male
49,Dewey,Shepard,dshepard1c@boston.com,Male
50,Gino,Daglish,gdaglish1d@goo.gl,Male
51,Abel,Blundin,ablundin1e@china.com.cn,Male
52,Rollin,Stapley,rstapley1f@ca.gov,Male
53,Adria,Dennis,adennis1g@skyrock.com,Female
54,Becki,Camois,bcamois1h@fotki.com,Female
55,Denyse,Bigglestone,dbigglestone1i@google.co.uk,Female
56,Mahmoud,Chislett,mchislett1j@flavors.me,Male
57,Nealson,MacMenamy,nmacmenamy1k@cnn.com,Male
58,Torie,Miguet,tmiguet1l@sohu.com,Female
59,Rafael,Fantin,rfantin1m@geocities.jp,Male
60,Allianora,De Francisci,adefrancisci1n@hexun.com,Female
61,Ted,Edmondson,tedmondson1o@umn.edu,Female
62,Dari,Rennicks,drennicks1p@nps.gov,Female
63,Ulrike,Maase,umaase1q@mayoclinic.com,Female
64,Ashlen,Girardeau,agirardeau1r@yolasite.com,Female
65,Renie,Kemmet,rkemmet1s@fc2.com,Female
66,Brook,Wingfield,bwingfield1t@admin.ch,Female
67,Krystal,Farquharson,kfarquharson1u@vkontakte.ru,Female
68,Tirrell,Osbidston,tosbidston1v@github.com,Male
69,Jan,Zylbermann,jzylbermann1w@umn.edu,Male
70,Kinna,Barnby,kbarnby1x@live.com,Female
71,Dante,Cashford,dcashford1y@cmu.edu,Male
72,Renard,Adnett,radnett1z@wsj.com,Male
73,Christy,Ciotti,cciotti20@blinklist.com,Male
74,Verge,Wolfart,vwolfart21@nhs.uk,Male
75,Melvyn,Caldaro,mcaldaro22@thetimes.co.uk,Male
76,Elga,Gammon,egammon23@jiathis.com,Female
77,Tomlin,Bruna,tbruna24@oakley.com,Male
78,Mechelle,Trundler,mtrundler25@devhub.com,Female
79,Valentine,Babbage,vbabbage26@google.cn,Female
80,Rafa,Jedras,rjedras27@canalblog.com,Female
81,Codie,Rodliff,crodliff28@example.com,Male
82,Micheil,Saye,msaye29@artisteer.com,Male
83,Wang,Ekkel,wekkel2a@sciencedirect.com,Male
84,Claudio,Rosenstiel,crosenstiel2b@opensource.org,Male
85,Michail,Crake,mcrake2c@facebook.com,Male
86,Cecelia,Sans,csans2d@mtv.com,Female
87,Shaylynn,Challis,schallis2e@engadget.com,Female
88,Lexis,Filochov,lfilochov2f@netlog.com,Female
89,Sally,Hitzschke,shitzschke2g@ocn.ne.jp,Female
90,Marlena,Marcam,mmarcam2h@wikipedia.org,Female
91,Silvana,Franzetti,sfranzetti2i@berkeley.edu,Female
92,Pooh,Plinck,pplinck2j@yolasite.com,Female
93,Burl,Witsey,bwitsey2k@ebay.co.uk,Male
94,Farrell,Peddie,fpeddie2l@sciencedirect.com,Male
95,Aigneis,Dionsetto,adionsetto2m@uol.com.br,Female
96,Kalvin,Christofor,kchristofor2n@baidu.com,Male
97,Minta,Bows,mbows2o@hatena.ne.jp,Female
98,Emmaline,Domenichelli,edomenichelli2p@tinyurl.com,Female
99,Karel,Sneezem,ksneezem2q@t-online.de,Female
100,Simona,Wackley,swackley2r@reference.com,Female
